{
  "hash": "71549f36",
  "configHash": "b8655c3f",
  "lockfileHash": "d1e1a94d",
  "browserHash": "34ba3cf8",
  "optimized": {
    "@angular/core": {
      "src": "../../../../../../node_modules/@angular/core/fesm2022/core.mjs",
      "file": "@angular_core.js",
      "fileHash": "3b8acfec",
      "needsInterop": false
    },
    "@angular/platform-browser": {
      "src": "../../../../../../node_modules/@angular/platform-browser/fesm2022/platform-browser.mjs",
      "file": "@angular_platform-browser.js",
      "fileHash": "96355921",
      "needsInterop": false
    },
    "zone.js": {
      "src": "../../../../../../node_modules/zone.js/fesm2015/zone.js",
      "file": "zone__js.js",
      "fileHash": "2a76e563",
      "needsInterop": true
    },
    "tslib": {
      "src": "../../../../../../node_modules/tslib/tslib.es6.mjs",
      "file": "tslib.js",
      "fileHash": "3ce3af87",
      "needsInterop": false
    },
    "@angular/common/http": {
      "src": "../../../../../../node_modules/@angular/common/fesm2022/http.mjs",
      "file": "@angular_common_http.js",
      "fileHash": "6bd0bc01",
      "needsInterop": false
    },
    "@angular/forms": {
      "src": "../../../../../../node_modules/@angular/forms/fesm2022/forms.mjs",
      "file": "@angular_forms.js",
      "fileHash": "dc6caf4d",
      "needsInterop": false
    },
    "@angular/common": {
      "src": "../../../../../../node_modules/@angular/common/fesm2022/common.mjs",
      "file": "@angular_common.js",
      "fileHash": "541fd8da",
      "needsInterop": false
    }
  },
  "chunks": {
    "chunk-7LYNXZXR": {
      "file": "chunk-7LYNXZXR.js"
    },
    "chunk-TJTKY6ZM": {
      "file": "chunk-TJTKY6ZM.js"
    },
    "chunk-ZMLREZMJ": {
      "file": "chunk-ZMLREZMJ.js"
    },
    "chunk-UD3BGPTO": {
      "file": "chunk-UD3BGPTO.js"
    },
    "chunk-HSWANC32": {
      "file": "chunk-HSWANC32.js"
    },
    "chunk-WDMUDEB6": {
      "file": "chunk-WDMUDEB6.js"
    }
  }
}